,userId,movieId,rating,timestamp
0,1,2,3.5,2005-04-02 23:53:47
1,1,29,3.5,2005-04-02 23:31:16
2,1,32,3.5,2005-04-02 23:33:39
3,1,47,3.5,2005-04-02 23:32:07
4,1,50,3.5,2005-04-02 23:29:40
5,1,112,3.5,2004-09-10 03:09:00
6,1,151,4.0,2004-09-10 03:08:54
7,1,223,4.0,2005-04-02 23:46:13
8,1,253,4.0,2005-04-02 23:35:40
9,1,260,4.0,2005-04-02 23:33:46
10,1,293,4.0,2005-04-02 23:31:43
11,1,296,4.0,2005-04-02 23:32:47
12,1,318,4.0,2005-04-02 23:33:18
13,1,337,3.5,2004-09-10 03:08:29
14,1,367,3.5,2005-04-02 23:53:00
15,1,541,4.0,2005-04-02 23:30:03
16,1,589,3.5,2005-04-02 23:45:57
17,1,593,3.5,2005-04-02 23:31:01
18,1,653,3.0,2004-09-10 03:08:11
19,1,919,3.5,2004-09-10 03:07:01
20,1,924,3.5,2004-09-10 03:06:38
21,1,1009,3.5,2005-04-02 23:53:33
22,1,1036,4.0,2005-04-02 23:44:40
23,1,1079,4.0,2004-09-10 03:07:45
24,1,1080,3.5,2005-04-02 23:42:55
25,1,1089,3.5,2005-04-02 23:31:09
26,1,1090,4.0,2005-04-02 23:44:13
27,1,1097,4.0,2005-04-02 23:48:21
28,1,1136,3.5,2005-04-02 23:30:09
29,1,1193,3.5,2005-04-02 23:31:30
30,1,1196,4.5,2005-04-02 23:32:22
31,1,1198,4.5,2005-04-02 23:30:24
32,1,1200,4.0,2005-04-02 23:29:20
33,1,1201,3.0,2005-04-02 23:30:42
34,1,1208,3.5,2005-04-02 23:33:35
35,1,1214,4.0,2004-09-10 03:12:57
36,1,1215,4.0,2004-09-10 03:14:42
37,1,1217,3.5,2005-04-02 23:33:30
38,1,1219,4.0,2004-09-10 03:13:14
39,1,1222,3.5,2005-04-02 23:30:37
40,1,1240,4.0,2005-04-02 23:43:21
41,1,1243,3.0,2005-04-02 23:46:07
42,1,1246,3.5,2004-09-10 03:09:19
43,1,1249,4.0,2005-04-02 23:43:02
44,1,1258,4.0,2004-09-10 03:13:14
45,1,1259,4.0,2005-04-02 23:44:00
46,1,1261,3.5,2004-09-10 03:15:13
47,1,1262,3.5,2005-04-02 23:32:15
48,1,1266,4.0,2005-04-02 23:42:51
49,1,1278,4.0,2004-09-10 03:13:06
50,1,1291,3.5,2005-04-02 23:45:25
51,1,1304,3.0,2004-09-10 03:08:40
52,1,1321,4.0,2004-09-10 03:14:22
53,1,1333,4.0,2005-04-02 23:36:30
54,1,1348,3.5,2004-09-10 03:14:16
55,1,1350,3.5,2004-09-10 03:15:58
56,1,1358,4.0,2005-04-02 23:43:39
57,1,1370,3.0,2004-09-10 03:09:24
58,1,1374,4.0,2004-09-10 03:09:06
59,1,1387,4.0,2005-04-02 23:35:13
60,1,1525,3.0,2005-04-02 23:55:50
61,1,1584,3.5,2004-09-10 03:07:36
62,1,1750,3.5,2005-04-02 23:56:41
63,1,1848,3.5,2005-04-02 23:53:52
64,1,1920,3.5,2005-04-02 23:54:58
65,1,1967,4.0,2005-04-02 23:48:59
66,1,1994,3.5,2004-09-10 03:14:47
67,1,1997,3.5,2004-09-10 03:13:54
68,1,2021,4.0,2005-04-02 23:52:09
69,1,2100,4.0,2005-04-02 23:52:35
70,1,2118,4.0,2004-09-10 03:14:52
71,1,2138,4.0,2005-04-02 23:49:49
72,1,2140,4.0,2005-04-02 23:48:25
73,1,2143,4.0,2005-04-02 23:52:31
74,1,2173,4.0,2005-04-02 23:51:27
75,1,2174,4.0,2005-04-02 23:50:43
76,1,2193,4.0,2005-04-02 23:49:13
77,1,2194,3.5,2005-04-02 23:44:46
78,1,2253,3.5,2005-04-02 23:55:22
79,1,2288,4.0,2004-09-10 03:14:37
80,1,2291,4.0,2004-09-10 03:09:37
81,1,2542,4.0,2005-04-02 23:44:07
82,1,2628,4.0,2005-04-02 23:53:08
83,1,2644,3.5,2005-04-02 23:36:34
84,1,2648,3.5,2004-09-10 03:13:37
85,1,2664,3.5,2004-09-10 03:15:48
86,1,2683,3.5,2004-09-10 03:07:30
87,1,2692,3.5,2005-04-02 23:32:29
88,1,2716,3.5,2004-09-10 03:13:32
89,1,2761,3.0,2005-04-02 23:32:39
90,1,2762,4.0,2005-04-02 23:42:47
91,1,2804,3.5,2005-04-02 23:43:34
92,1,2872,4.0,2005-04-02 23:48:17
93,1,2918,3.5,2005-04-02 23:44:25
94,1,2944,4.0,2005-04-02 23:43:53
95,1,2947,3.5,2005-04-02 23:46:20
96,1,2959,4.0,2004-09-10 03:08:18
97,1,2968,4.0,2005-04-02 23:50:25
98,1,3000,3.5,2005-04-02 23:29:29
99,1,3030,3.0,2005-04-02 23:29:08
100,1,3037,3.5,2005-04-02 23:46:03
101,1,3081,4.0,2004-09-10 03:15:43
102,1,3153,4.0,2005-04-02 23:50:16
103,1,3265,3.5,2005-04-02 23:28:45
104,1,3438,3.5,2005-04-02 23:54:54
105,1,3476,3.5,2004-09-10 03:15:39
106,1,3479,4.0,2005-04-02 23:48:54
107,1,3489,4.0,2005-04-02 23:53:44
108,1,3499,4.0,2005-04-02 23:35:18
109,1,3889,4.0,2005-04-02 23:55:38
110,1,3932,3.0,2004-09-10 03:16:12
111,1,3996,4.0,2004-09-10 03:08:47
112,1,3997,3.5,2005-04-02 23:56:32
113,1,4011,4.0,2005-04-02 23:43:26
114,1,4027,4.0,2005-04-02 23:44:20
115,1,4105,3.5,2004-09-10 03:15:04
116,1,4128,4.0,2005-04-02 23:35:33
117,1,4133,3.0,2005-04-02 23:56:09
118,1,4226,3.5,2005-04-02 23:28:13
119,1,4306,4.0,2004-09-10 03:09:44
120,1,4446,3.5,2005-04-02 23:52:50
121,1,4467,4.0,2005-04-02 23:50:22
122,1,4571,4.0,2005-04-02 23:51:20
123,1,4720,3.5,2004-09-10 03:13:28
124,1,4754,4.0,2005-04-02 23:36:23
125,1,4878,3.5,2005-04-02 23:28:57
126,1,4896,4.0,2005-04-02 23:48:51
127,1,4911,4.0,2005-04-02 23:52:41
128,1,4915,3.0,2005-04-02 23:54:36
129,1,4941,3.5,2005-04-02 23:53:27
130,1,4980,3.5,2005-04-02 23:54:15
131,1,4993,5.0,2005-04-02 23:31:22
132,1,5026,4.0,2005-04-02 23:50:58
133,1,5039,4.0,2005-04-02 23:51:38
134,1,5040,3.0,2005-04-02 23:54:46
135,1,5146,3.5,2004-09-10 03:15:32
136,1,5171,4.0,2005-04-02 23:55:04
137,1,5540,4.0,2005-04-02 23:51:45
138,1,5679,3.5,2004-09-10 03:15:08
139,1,5797,4.0,2005-04-02 23:51:11
140,1,5816,4.0,2005-04-02 23:48:40
141,1,5898,3.5,2005-04-02 23:53:22
142,1,5952,5.0,2005-04-02 23:30:19
143,1,5999,3.5,2005-04-02 23:55:50
144,1,6093,4.0,2005-04-02 23:48:33
145,1,6242,3.5,2004-09-10 03:13:24
146,1,6333,4.0,2005-04-02 23:45:02
147,1,6502,3.5,2004-09-10 03:14:08
148,1,6539,4.0,2005-04-02 23:45:08
149,1,6754,4.0,2005-04-02 23:53:04
150,1,6755,3.5,2004-09-10 03:14:27
151,1,6774,4.0,2005-04-02 23:49:46
152,1,6807,3.5,2005-04-02 23:31:26
153,1,6834,3.5,2005-04-02 23:54:20
154,1,6888,3.0,2005-04-02 23:55:27
155,1,7001,3.5,2004-09-10 03:15:01
156,1,7045,3.5,2005-04-02 23:50:34
157,1,7046,4.0,2005-04-02 23:52:14
158,1,7153,5.0,2005-04-02 23:30:33
159,1,7164,3.5,2005-04-02 23:52:03
160,1,7247,3.5,2005-04-02 23:52:38
161,1,7387,3.5,2004-09-10 03:16:01
162,1,7389,4.0,2005-04-02 23:54:05
163,1,7438,4.0,2005-04-02 23:33:09
164,1,7449,3.5,2005-04-02 23:56:03
165,1,7454,4.0,2005-04-02 23:55:08
166,1,7482,3.0,2005-04-02 23:29:35
167,1,7757,4.0,2005-04-02 23:50:19
168,1,8368,4.0,2005-04-02 23:48:08
169,1,8482,3.5,2005-04-02 23:49:41
170,1,8507,5.0,2004-09-10 03:13:47
171,1,8636,4.5,2005-04-02 23:44:53
172,1,8690,3.5,2005-04-02 23:33:15
173,1,8961,4.0,2005-04-02 23:47:09
174,1,31696,4.0,2005-04-02 23:49:08
175,2,3,4.0,2000-11-21 15:34:49
176,2,62,5.0,2000-11-21 15:29:58
177,2,70,5.0,2000-11-21 15:31:31
178,2,110,4.0,2000-11-21 15:30:58
179,2,242,3.0,2000-11-21 15:32:56
180,2,260,5.0,2000-11-21 15:36:54
181,2,266,5.0,2000-11-21 15:32:28
182,2,469,3.0,2000-11-21 15:29:58
183,2,480,5.0,2000-11-21 15:32:00
184,2,541,5.0,2000-11-21 15:36:54
185,2,589,5.0,2000-11-21 15:30:58
186,2,891,2.0,2000-11-21 15:36:09
187,2,908,4.0,2000-11-21 15:31:31
188,2,924,5.0,2000-11-21 15:36:54
189,2,1121,3.0,2000-11-21 15:29:58
190,2,1196,5.0,2000-11-21 15:36:54
191,2,1210,5.0,2000-11-21 15:29:58
192,2,1214,5.0,2000-11-21 15:36:54
193,2,1249,5.0,2000-11-21 15:31:31
194,2,1259,5.0,2000-11-21 15:30:59
195,2,1270,5.0,2000-11-21 15:36:54
196,2,1327,5.0,2000-11-21 15:34:06
197,2,1356,5.0,2000-11-21 15:29:58
198,2,1544,5.0,2000-11-21 15:35:43
199,2,1580,4.0,2000-11-21 15:32:28
200,2,1673,4.0,2000-11-21 15:32:56
201,2,1748,5.0,2000-11-21 15:36:54
202,2,1965,3.0,2000-11-21 15:32:00
203,2,1969,2.0,2000-11-21 15:36:09
204,2,1970,2.0,2000-11-21 15:36:09
205,2,1971,2.0,2000-11-21 15:35:43
206,2,1972,2.0,2000-11-21 15:36:09
207,2,1973,3.0,2000-11-21 15:35:16
208,2,1974,5.0,2000-11-21 15:29:58
209,2,1986,2.0,2000-11-21 15:36:09
210,2,2291,2.0,2000-11-21 15:32:28
211,2,2454,4.0,2000-11-21 15:35:16
212,2,2455,4.0,2000-11-21 15:32:00
213,2,2791,2.0,2000-11-21 15:30:59
214,2,2858,3.0,2000-11-21 15:30:59
215,2,2948,5.0,2000-11-21 15:30:59
216,2,2951,4.0,2000-11-21 15:29:58
217,2,3150,4.0,2000-11-21 15:32:00
218,2,3159,3.0,2000-11-21 15:29:58
219,2,3173,4.0,2000-11-21 15:34:29
220,2,3450,5.0,2000-11-21 15:34:06
221,2,3513,5.0,2000-11-21 15:30:59
222,2,3534,3.0,2000-11-21 15:34:49
223,2,3555,4.0,2000-11-21 15:32:28
224,2,3565,3.0,2000-11-21 15:32:56
225,2,3703,4.0,2000-11-21 15:36:54
226,2,3753,4.0,2000-11-21 15:31:31
227,2,3917,4.0,2000-11-21 15:32:00
228,2,3918,3.0,2000-11-21 15:35:43
229,2,3923,4.0,2000-11-21 15:35:43
230,2,3926,4.0,2000-11-21 15:34:49
231,2,3927,5.0,2000-11-21 15:32:28
232,2,3928,5.0,2000-11-21 15:32:56
233,2,3930,5.0,2000-11-21 15:35:43
234,2,3937,4.0,2000-11-21 15:35:16
235,2,3959,5.0,2000-11-21 15:30:59
236,3,1,4.0,1999-12-11 13:36:47
237,3,24,3.0,1999-12-14 12:54:08
238,3,32,4.0,1999-12-11 13:14:07
239,3,50,5.0,1999-12-11 13:13:38
240,3,160,3.0,1999-12-14 12:54:08
241,3,173,2.0,1999-12-14 12:54:59
242,3,175,5.0,1999-12-11 13:32:13
243,3,196,3.0,1999-12-14 12:52:19
244,3,223,5.0,1999-12-11 13:20:44
245,3,260,5.0,1999-12-11 13:09:02
246,3,316,5.0,1999-12-14 12:51:10
247,3,318,5.0,1999-12-11 13:09:26
248,3,329,5.0,1999-12-14 12:53:41
249,3,337,3.0,1999-12-11 13:36:06
250,3,440,3.0,1999-12-11 13:21:40
251,3,442,3.0,1999-12-14 12:53:25
252,3,457,5.0,1999-12-11 13:16:55
253,3,480,5.0,1999-12-14 12:50:20
254,3,490,5.0,1999-12-11 13:30:41
255,3,512,2.0,1999-12-14 12:53:25
256,3,541,5.0,1999-12-11 13:14:07
257,3,589,4.0,1999-12-11 07:25:08
258,3,593,5.0,1999-12-11 13:16:55
259,3,610,4.0,1999-12-11 13:41:11
260,3,718,3.0,1999-12-11 13:01:07
261,3,780,3.0,1999-12-14 12:50:20
262,3,788,4.0,1999-12-14 12:49:10
263,3,858,5.0,1999-12-11 13:01:07
264,3,904,5.0,1999-12-11 13:04:10
265,3,905,3.0,1999-12-11 13:04:54
266,3,919,4.0,1999-12-11 13:05:58
267,3,924,5.0,1999-12-11 13:10:12
268,3,953,5.0,1999-12-11 13:11:52
269,3,968,3.0,1999-12-14 12:47:38
270,3,1037,3.0,1999-12-14 12:52:43
271,3,1060,5.0,1999-12-11 13:18:30
272,3,1073,5.0,1999-12-11 13:20:44
273,3,1077,4.0,1999-12-11 13:16:07
274,3,1079,4.0,1999-12-11 13:09:57
275,3,1084,5.0,1999-12-11 13:15:03
276,3,1089,5.0,1999-12-11 13:05:58
277,3,1094,4.0,1999-12-11 13:27:58
278,3,1097,5.0,1999-12-11 13:29:40
279,3,1103,4.0,1999-12-11 13:12:25
280,3,1125,4.0,1999-12-11 13:26:40
281,3,1127,3.0,1999-12-14 12:49:44
282,3,1129,5.0,1999-12-14 12:49:44
283,3,1179,3.0,1999-12-11 13:15:03
284,3,1188,2.0,1999-12-11 07:25:08
285,3,1193,4.0,1999-12-11 13:03:40
286,3,1196,5.0,1999-12-11 13:10:59
287,3,1197,5.0,1999-12-11 13:16:55
288,3,1198,5.0,1999-12-11 13:09:57
289,3,1199,4.0,1999-12-11 13:41:11
290,3,1200,4.0,1999-12-11 13:20:44
291,3,1206,5.0,1999-12-11 13:14:07
292,3,1208,5.0,1999-12-11 13:07:46
293,3,1210,5.0,1999-12-11 13:27:36
294,3,1213,5.0,1999-12-11 13:08:11
295,3,1214,5.0,1999-12-11 13:27:36
296,3,1215,4.0,1999-12-14 12:47:38
297,3,1219,4.0,1999-12-11 13:02:51
298,3,1220,5.0,1999-12-11 13:35:30
299,3,1221,5.0,1999-12-11 13:01:34
300,3,1222,5.0,1999-12-11 13:20:07
301,3,1225,3.0,1999-12-11 13:04:54
302,3,1228,3.0,1999-12-11 13:03:16
303,3,1230,5.0,1999-12-11 13:02:28
304,3,1240,5.0,1999-12-11 13:35:30
305,3,1242,5.0,1999-12-11 13:19:38
306,3,1247,5.0,1999-12-11 13:04:54
307,3,1257,5.0,1999-12-11 13:35:10
308,3,1258,5.0,1999-12-11 13:15:03
309,3,1259,5.0,1999-12-11 13:18:12
310,3,1261,5.0,1999-12-11 13:20:44
311,3,1266,5.0,1999-12-11 13:23:51
312,3,1270,5.0,1999-12-11 13:41:11
313,3,1272,4.0,1999-12-11 13:15:24
314,3,1276,5.0,1999-12-11 13:08:11
315,3,1278,5.0,1999-12-11 13:13:00
316,3,1288,2.0,1999-12-11 13:03:40
317,3,1304,5.0,1999-12-11 13:16:55
318,3,1307,4.0,1999-12-11 13:15:03
319,3,1321,5.0,1999-12-11 13:27:01
320,3,1330,3.0,1999-12-11 13:31:23
321,3,1333,4.0,1999-12-11 13:25:18
322,3,1345,4.0,1999-12-11 13:25:18
323,3,1356,5.0,1999-12-14 12:51:10
324,3,1372,3.0,1999-12-14 12:50:20
325,3,1373,4.0,1999-12-14 12:54:32
326,3,1374,5.0,1999-12-11 13:42:08
327,3,1375,5.0,1999-12-14 12:52:19
328,3,1376,4.0,1999-12-11 13:41:11
329,3,1396,3.0,1999-12-14 12:48:22
330,3,1544,4.0,1999-12-14 12:53:25
331,3,1584,4.0,1999-12-14 12:49:44
332,3,1603,4.0,1999-12-14 12:51:10
333,3,1653,4.0,1999-12-14 12:48:50
334,3,1674,4.0,1999-12-11 13:25:48
335,3,1676,5.0,1999-12-14 12:49:44
336,3,1721,4.0,1999-12-11 07:25:08
337,3,1762,4.0,1999-12-14 12:54:32
338,3,1779,3.0,1999-12-14 12:52:19
339,3,1810,3.0,1999-12-11 13:36:06
340,3,1831,5.0,1999-12-14 12:54:08
341,3,1876,4.0,1999-12-14 12:52:43
342,3,1882,4.0,1999-12-14 12:54:32
343,3,1909,5.0,1999-12-14 12:51:36
344,3,1917,4.0,1999-12-14 12:52:43
345,3,1921,4.0,1999-12-14 12:48:22
346,3,2009,5.0,1999-12-14 12:48:50
347,3,2011,3.0,1999-12-11 07:25:08
348,3,2012,3.0,1999-12-14 12:53:41
349,3,2018,4.0,1999-12-11 13:23:10
350,3,2028,4.0,1999-12-11 13:19:38
351,3,2034,4.0,1999-12-14 12:54:59
352,3,2046,5.0,1999-12-14 12:51:10
353,3,2053,3.0,1999-12-14 12:54:59
354,3,2054,4.0,1999-12-14 12:52:19
355,3,2076,5.0,1999-12-11 13:24:43
356,3,2093,5.0,1999-12-11 13:41:11
357,3,2105,4.0,1999-12-11 13:42:08
358,3,2117,5.0,1999-12-11 13:20:44
359,3,2118,5.0,1999-12-11 07:25:08
360,3,2140,4.0,1999-12-14 12:49:44
361,3,2150,5.0,1999-12-11 13:30:01
362,3,2236,4.0,1999-12-11 13:18:12
363,3,2288,5.0,1999-12-11 13:41:11
364,3,2311,4.0,1999-12-11 13:42:09
365,3,2329,4.0,1999-12-11 13:25:48
366,3,2366,4.0,1999-12-11 13:18:30
367,3,2371,4.0,1999-12-11 13:28:35
368,3,2391,5.0,1999-12-11 13:16:55
369,3,2407,4.0,1999-12-14 12:51:36
370,3,2428,4.0,1999-12-14 12:51:10
371,3,2448,5.0,1999-12-11 07:36:23
372,3,2455,4.0,1999-12-11 13:42:09
373,3,2505,4.0,1999-12-11 07:36:23
374,3,2528,4.0,1999-12-14 12:49:44
375,3,2529,5.0,1999-12-14 12:48:00
376,3,2530,4.0,1999-12-14 12:52:19
377,3,2531,3.0,1999-12-14 12:50:20
378,3,2532,4.0,1999-12-14 12:52:43
379,3,2533,3.0,1999-12-14 12:48:22
380,3,2541,1.0,1999-12-11 07:30:41
381,3,2551,4.0,1999-12-11 13:23:30
382,3,2567,3.0,1999-12-11 07:34:14
383,3,2571,5.0,1999-12-14 12:47:38
384,3,2574,3.0,1999-12-11 07:37:57
385,3,2613,4.0,1999-12-14 12:50:20
386,3,2615,4.0,1999-12-14 12:53:25
387,3,2628,5.0,1999-12-14 12:52:19
388,3,2640,4.0,1999-12-14 12:48:50
389,3,2642,3.0,1999-12-14 12:54:59
390,3,2643,1.0,1999-12-14 12:54:59
391,3,2657,3.0,1999-12-14 12:48:50
392,3,2662,3.0,1999-12-14 12:47:38
393,3,2668,4.0,1999-12-14 12:54:08
394,3,2676,1.0,1999-12-11 07:30:05
395,3,2694,4.0,1999-12-11 07:37:35
396,3,2699,3.0,1999-12-14 12:51:10
397,3,2710,5.0,1999-12-11 07:30:05
398,3,2722,4.0,1999-12-11 07:34:14
399,3,2750,4.0,1999-12-11 13:20:44
400,3,2788,5.0,1999-12-11 13:21:56
401,3,2791,5.0,1999-12-11 13:07:46
402,3,2797,4.0,1999-12-11 13:29:40
403,3,2808,4.0,1999-12-14 12:54:32
404,3,2857,3.0,1999-12-11 07:30:05
405,3,2872,5.0,1999-12-11 13:44:58
406,3,2900,3.0,1999-12-14 12:50:20
407,3,2901,3.0,1999-12-14 12:49:44
408,3,2916,4.0,1999-12-14 12:48:50
409,3,2918,5.0,1999-12-11 13:21:40
410,3,2947,4.0,1999-12-11 13:36:47
411,3,2948,4.0,1999-12-11 13:27:44
412,3,2949,4.0,1999-12-11 13:29:40
413,3,2968,5.0,1999-12-11 13:41:12
414,3,2985,5.0,1999-12-11 13:42:09
415,3,2986,2.0,1999-12-14 12:54:08
416,3,3033,5.0,1999-12-11 13:42:09
417,3,3039,5.0,1999-12-11 13:33:09
418,3,3070,4.0,1999-12-11 13:42:09
419,3,3072,4.0,1999-12-11 13:22:47
420,3,3098,4.0,1999-12-11 13:21:08
421,3,3142,4.0,1999-12-11 13:02:28
422,3,5060,5.0,1999-12-11 13:04:10
423,4,6,3.0,1996-08-24 09:33:47
424,4,10,4.0,1996-08-24 09:28:42
425,4,19,3.0,1996-08-24 09:29:54
426,4,32,1.0,1996-08-24 09:31:01
427,4,165,3.0,1996-08-24 09:27:32
428,4,329,3.0,1996-08-24 09:28:18
429,4,350,4.0,1996-08-24 09:31:27
430,4,356,4.0,1996-08-24 09:28:42
431,4,367,3.0,1996-08-24 09:29:54
432,4,368,4.0,1996-08-24 09:33:18
433,4,370,4.0,1996-08-24 09:34:03
434,4,377,4.0,1996-08-24 09:29:54
435,4,380,3.0,1996-08-24 09:27:05
436,4,420,3.0,1996-08-24 09:30:19
437,4,431,4.0,1996-08-24 09:35:57
438,4,440,3.0,1996-08-24 09:31:27
439,4,454,5.0,1996-08-24 09:29:04
440,4,480,4.0,1996-08-24 09:29:04
441,4,489,4.0,1996-08-24 09:39:35
442,4,519,3.0,1996-08-24 09:38:43
443,4,520,4.0,1996-08-24 09:34:42
444,4,531,3.0,1996-08-24 09:37:37
445,4,548,3.0,1996-08-24 09:40:54
446,4,586,4.0,1996-08-24 09:30:38
447,4,589,4.0,1996-08-24 09:29:22
448,4,594,4.0,1996-08-24 09:34:25
449,4,596,4.0,1996-08-24 09:37:04
450,4,733,5.0,1996-08-24 09:35:22
451,5,2,3.0,1996-12-25 15:26:09
452,5,11,5.0,1996-12-25 15:29:11
453,5,17,3.0,1996-12-25 15:15:35
454,5,60,3.0,1996-12-26 16:26:29
455,5,62,5.0,1996-12-25 15:15:35
456,5,104,2.0,1996-12-25 15:16:32
457,5,110,4.0,1996-12-25 15:26:09
458,5,140,2.0,1996-12-25 15:16:52
459,5,141,5.0,1996-12-25 15:15:35
460,5,150,5.0,1996-12-25 15:25:14
461,5,224,2.0,1996-12-25 15:27:30
462,5,235,3.0,1996-12-25 15:28:43
463,5,260,5.0,1996-12-25 15:26:48
464,5,282,4.0,1996-12-25 15:26:09
465,5,316,4.0,1996-12-26 16:27:13
466,5,318,5.0,1996-12-25 15:26:48
467,5,350,4.0,1996-12-25 15:28:08
468,5,364,5.0,1996-12-25 15:26:09
469,5,367,3.0,1996-12-25 15:27:30
470,5,368,5.0,1996-12-25 15:27:30
471,5,370,4.0,1996-12-25 15:26:48
472,5,376,4.0,1996-12-26 16:24:34
473,5,377,5.0,1996-12-25 15:28:43
474,5,380,5.0,1996-12-25 15:25:15
475,5,440,5.0,1996-12-25 15:26:09
476,5,454,5.0,1996-12-25 15:28:43
477,5,457,5.0,1996-12-25 15:25:15
478,5,475,4.0,1996-12-25 15:27:30
479,5,480,4.0,1996-12-25 15:25:15
480,5,491,4.0,1996-12-25 15:26:47
481,5,500,5.0,1996-12-25 15:26:09
482,5,508,5.0,1996-12-25 15:28:08
483,5,515,3.0,1996-12-25 15:29:11
484,5,529,4.0,1996-12-25 15:27:30
485,5,531,5.0,1996-12-25 15:29:11
486,5,587,4.0,1996-12-25 15:26:48
487,5,588,5.0,1996-12-25 15:28:08
488,5,589,5.0,1996-12-25 15:26:09
489,5,590,5.0,1996-12-25 15:25:14
490,5,593,3.0,1996-12-25 15:25:15
491,5,594,5.0,1996-12-26 16:26:29
492,5,595,5.0,1996-12-25 15:25:15
493,5,608,3.0,1996-12-25 15:16:01
494,5,631,3.0,1996-12-25 15:17:36
495,5,648,3.0,1996-12-25 15:15:35
496,5,671,5.0,1996-12-25 15:17:36
497,5,708,3.0,1996-12-25 15:16:31
498,5,720,5.0,1996-12-25 15:27:30
499,5,736,5.0,1996-12-25 15:15:35
500,5,780,5.0,1996-12-25 15:15:35
501,5,788,3.0,1996-12-25 15:16:32
502,5,832,5.0,1996-12-25 15:17:54
503,5,1028,5.0,1996-12-26 16:27:13
504,5,1035,5.0,1996-12-26 16:26:29
505,5,1036,5.0,1996-12-25 15:26:47
506,5,1042,4.0,1996-12-25 15:19:12
507,5,1073,2.0,1996-12-25 15:16:31
508,5,1079,5.0,1996-12-26 16:25:53
509,5,1080,5.0,1996-12-26 16:27:54
510,5,1097,5.0,1996-12-25 15:28:43
511,5,1136,5.0,1996-12-26 16:28:48
512,5,1196,5.0,1996-12-26 16:27:54
513,5,1198,5.0,1996-12-26 16:27:54
514,5,1210,5.0,1996-12-26 16:27:54
515,5,1291,5.0,1996-12-26 16:28:48
516,5,1393,5.0,1996-12-25 15:20:31
517,6,1,5.0,1997-03-13 17:50:52
518,6,3,3.0,1997-03-13 17:52:38
519,6,7,5.0,1997-03-13 17:52:38
520,6,17,5.0,1997-03-13 17:50:52
521,6,52,5.0,1997-03-13 17:54:18
522,6,62,5.0,1997-03-13 17:50:52
523,6,135,3.0,1997-03-13 17:56:23
524,6,140,4.0,1997-03-13 17:58:37
525,6,141,5.0,1997-03-13 17:50:52
526,6,260,4.0,1997-03-13 17:54:18
527,6,494,4.0,1997-03-13 17:52:38
528,6,628,4.0,1997-03-13 17:56:23
529,6,648,5.0,1997-03-13 17:50:52
530,6,653,4.0,1997-03-13 17:54:18
531,6,708,4.0,1997-03-13 17:54:18
532,6,719,3.0,1997-03-13 17:58:37
533,6,733,3.0,1997-03-13 17:52:38
534,6,736,2.0,1997-03-13 17:50:52
535,6,743,3.0,1997-03-13 17:58:37
536,6,762,3.0,1997-03-13 17:56:22
537,6,780,3.0,1997-03-13 17:50:52
538,6,788,4.0,1997-03-13 17:54:18
539,6,802,3.0,1997-03-13 17:56:23
540,6,1073,1.0,1997-03-13 17:52:38
541,7,3,3.0,2002-01-16 19:14:23
542,7,7,3.0,2002-01-16 19:10:20
543,7,11,4.0,2002-01-16 19:04:49
544,7,15,2.0,2002-01-16 19:18:52
545,7,16,3.0,2002-01-16 18:22:58
546,7,17,2.0,2002-01-16 19:01:16
547,7,24,3.0,2002-01-16 18:53:58
548,7,105,2.0,2002-01-16 19:12:46
549,7,122,2.0,2002-01-16 19:16:09
550,7,151,3.0,2002-01-16 19:06:05
551,7,252,2.0,2002-01-16 19:11:03
552,7,260,5.0,2002-01-16 18:44:19
553,7,271,3.0,2002-01-16 18:36:57
554,7,276,2.0,2002-01-16 19:17:35
555,7,316,3.0,2002-01-16 18:50:19
556,7,339,3.0,2002-01-16 19:08:10
557,7,348,4.0,2002-01-16 18:34:06
558,7,351,3.0,2002-01-16 19:17:17
559,7,355,3.0,2002-01-16 18:21:02
560,7,356,4.0,2002-01-16 19:02:55
561,7,357,3.0,2002-01-16 19:07:18
562,7,362,3.0,2002-01-16 19:12:24
563,7,364,4.0,2002-01-16 18:08:56
564,7,377,3.0,2002-01-16 19:04:49
565,7,425,3.0,2002-01-16 19:14:23
566,7,440,4.0,2002-01-16 19:04:20
567,7,480,5.0,2002-01-16 18:46:19
568,7,509,2.0,2002-01-16 18:43:15
569,7,539,4.0,2002-01-16 19:06:40
570,7,553,4.0,2002-01-16 18:27:31
571,7,587,5.0,2002-01-16 19:10:20
572,7,589,5.0,2002-01-16 18:40:56
573,7,590,4.0,2002-01-16 18:24:40
574,7,597,4.0,2002-01-16 19:05:38
575,7,674,2.0,2002-01-16 18:53:58
576,7,708,3.0,2002-01-16 19:07:46
577,7,736,3.0,2002-01-16 19:09:21
578,7,750,5.0,2002-01-16 18:44:19
579,7,780,4.0,2002-01-16 18:48:18
580,7,788,3.0,2002-01-16 19:15:27
581,7,806,1.0,2002-01-16 18:38:15
582,7,852,3.0,2002-01-16 19:04:49
583,7,880,3.0,2002-01-16 18:54:30
584,7,899,4.0,2002-01-16 19:03:30
585,7,908,4.0,2002-01-16 18:08:30
586,7,912,5.0,2002-01-16 18:09:56
587,7,914,3.0,2002-01-16 19:05:16
588,7,920,4.0,2002-01-16 19:01:40
589,7,922,3.0,2002-01-16 18:59:30
590,7,924,3.0,2002-01-16 18:44:58
591,7,928,3.0,2002-01-16 19:02:55
592,7,932,3.0,2002-01-16 19:03:50
593,7,952,3.0,2002-01-16 18:41:38
594,7,1017,4.0,2002-01-16 18:24:41
595,7,1020,3.0,2002-01-16 18:22:13
596,7,1077,5.0,2002-01-16 18:48:18
597,7,1094,3.0,2002-01-16 19:07:18
598,7,1095,1.0,2002-01-16 18:23:42
599,7,1097,4.0,2002-01-16 18:44:58
600,7,1101,3.0,2002-01-16 19:08:32
601,7,1183,3.0,2002-01-16 19:09:47
602,7,1196,5.0,2002-01-16 18:09:32
603,7,1206,2.0,2002-01-16 18:45:32
604,7,1210,5.0,2002-01-16 18:10:54
605,7,1230,3.0,2002-01-16 18:08:06
606,7,1247,4.0,2002-01-16 19:00:43
607,7,1253,4.0,2002-01-16 18:44:19
608,7,1256,5.0,2002-01-16 18:21:02
609,7,1259,3.0,2002-01-16 18:23:42
610,7,1265,4.0,2002-01-16 19:03:30
611,7,1270,4.0,2002-01-16 18:44:58
612,7,1271,4.0,2002-01-16 18:34:25
613,7,1272,4.0,2002-01-16 18:21:26
614,7,1301,3.0,2002-01-16 18:45:32
615,7,1307,3.0,2002-01-16 19:01:40
616,7,1343,3.0,2002-01-16 18:32:20
617,7,1357,4.0,2002-01-16 19:04:20
618,7,1385,4.0,2002-01-16 18:20:34
619,7,1391,2.0,2002-01-16 18:50:19
620,7,1393,3.0,2002-01-16 19:03:30
621,7,1408,3.0,2002-01-16 19:09:21
622,7,1409,2.0,2002-01-16 19:15:50
623,7,1441,3.0,2002-01-16 19:08:54
624,7,1449,4.0,2002-01-16 18:42:29
625,7,1466,3.0,2002-01-16 18:39:35
626,7,1513,2.0,2002-01-16 19:28:04
627,7,1517,3.0,2002-01-16 18:33:18
628,7,1544,4.0,2002-01-16 18:51:19
629,7,1573,3.0,2002-01-16 18:48:48
630,7,1580,3.0,2002-01-16 18:47:12
631,7,1597,3.0,2002-01-16 19:11:03
632,7,1617,3.0,2002-01-16 18:10:20
633,7,1674,4.0,2002-01-16 19:02:29
634,7,1682,2.0,2002-01-16 18:36:57
635,7,1721,5.0,2002-01-16 19:06:05
636,7,1777,4.0,2002-01-16 19:05:38
637,7,1882,3.0,2002-01-16 18:55:11
638,7,1888,3.0,2002-01-16 19:15:27
639,7,1894,3.0,2002-01-16 19:14:47
640,7,1911,4.0,2002-01-16 19:24:56
641,7,1917,4.0,2002-01-16 18:48:18
642,7,1932,3.0,2002-01-16 18:33:18
643,7,1964,3.0,2002-01-16 18:22:35
644,7,2011,4.0,2002-01-16 18:50:19
645,7,2012,4.0,2002-01-16 18:50:19
646,7,2013,3.0,2002-01-16 19:28:04
647,7,2018,4.0,2002-01-16 18:28:18
648,7,2028,5.0,2002-01-16 18:24:41
649,7,2054,3.0,2002-01-16 18:52:03
650,7,2067,3.0,2002-01-16 19:01:40
651,7,2080,4.0,2002-01-16 18:33:42
652,7,2081,3.0,2002-01-16 18:41:38
653,7,2108,3.0,2002-01-16 19:08:32
654,7,2112,3.0,2002-01-16 18:41:38
655,7,2125,3.0,2002-01-16 19:03:06
656,7,2146,3.0,2002-01-16 19:14:23
657,7,2195,2.0,2002-01-16 18:36:28
658,7,2243,3.0,2002-01-16 18:23:42
659,7,2266,2.0,2002-01-16 19:16:48
660,7,2297,3.0,2002-01-16 18:24:12
661,7,2311,3.0,2002-01-16 18:53:02
662,7,2316,3.0,2002-01-16 19:14:47
663,7,2333,3.0,2002-01-16 19:26:01
664,7,2346,3.0,2002-01-16 18:50:52
665,7,2363,3.0,2002-01-16 18:46:19
666,7,2367,3.0,2002-01-16 18:35:57
667,7,2384,3.0,2002-01-16 18:29:03
668,7,2385,2.0,2002-01-16 19:17:17
669,7,2390,4.0,2002-01-16 19:26:58
670,7,2396,3.0,2002-01-16 19:02:02
671,7,2403,4.0,2002-01-16 18:42:29
672,7,2405,4.0,2002-01-16 19:09:47
673,7,2407,4.0,2002-01-16 18:29:47
674,7,2424,3.0,2002-01-16 19:10:20
675,7,2427,3.0,2002-01-16 18:36:28
676,7,2463,4.0,2002-01-16 18:39:06
677,7,2468,2.0,2002-01-16 18:30:13
678,7,2469,3.0,2002-01-16 18:31:00
679,7,2478,2.0,2002-01-16 18:31:22
680,7,2498,2.0,2002-01-16 18:54:30
681,7,2529,4.0,2002-01-16 18:45:32
682,7,2535,3.0,2002-01-16 18:28:18
683,7,2546,3.0,2002-01-16 19:23:56
684,7,2558,3.0,2002-01-16 19:16:48
685,7,2598,3.0,2002-01-16 19:28:04
686,7,2628,4.0,2002-01-16 18:48:18
687,7,2633,3.0,2002-01-16 19:09:21
688,7,2640,4.0,2002-01-16 18:47:12
689,7,2641,4.0,2002-01-16 18:48:48
690,7,2642,3.0,2002-01-16 18:55:11
691,7,2654,4.0,2002-01-16 18:30:13
692,7,2657,2.0,2002-01-16 18:50:19
693,7,2664,4.0,2002-01-16 18:51:41
694,7,2671,4.0,2002-01-16 19:06:40
695,7,2683,3.0,2002-01-16 19:22:51
696,7,2694,3.0,2002-01-16 19:23:56
697,7,2701,3.0,2002-01-16 18:23:42
698,7,2716,4.0,2002-01-16 19:26:01
699,7,2722,3.0,2002-01-16 18:54:30
700,7,2723,3.0,2002-01-16 19:26:58
701,7,2734,2.0,2002-01-16 19:26:58
702,7,2752,4.0,2002-01-16 18:23:42
703,7,2762,5.0,2002-01-16 19:29:08
704,7,2770,2.0,2002-01-16 19:23:56
705,7,2858,3.0,2002-01-16 19:22:51
706,7,2861,3.0,2002-01-16 18:29:47
707,7,2881,4.0,2002-01-16 19:24:56
708,7,2908,4.0,2002-01-16 19:23:56
709,7,2916,3.0,2002-01-16 18:47:12
710,7,2942,5.0,2002-01-16 18:38:41
711,7,2950,3.0,2002-01-16 18:43:15
712,7,2959,4.0,2002-01-16 19:24:56
713,7,2968,2.0,2002-01-16 18:49:11
714,7,2987,4.0,2002-01-16 18:59:49
715,7,2993,4.0,2002-01-16 18:10:54
716,7,3004,2.0,2002-01-16 19:18:20
717,7,3032,2.0,2002-01-16 18:46:45
718,7,3033,2.0,2002-01-16 18:50:52
719,7,3037,4.0,2002-01-16 18:39:06
720,7,3039,3.0,2002-01-16 18:25:21
721,7,3062,3.0,2002-01-16 18:10:54
722,7,3074,3.0,2002-01-16 18:34:52
723,7,3081,2.0,2002-01-16 18:09:32
724,7,3086,4.0,2002-01-16 18:24:12
725,7,3103,2.0,2002-01-16 18:37:42
726,7,3108,3.0,2002-01-16 19:11:03
727,7,3118,3.0,2002-01-16 18:33:18
728,7,3156,3.0,2002-01-16 18:51:41
729,7,3175,2.0,2002-01-16 18:46:45
730,7,3176,2.0,2002-01-16 19:29:08
731,7,3179,5.0,2002-01-16 19:22:51
732,7,3185,3.0,2002-01-16 19:29:08
733,7,3194,4.0,2002-01-16 18:40:56
734,7,3199,2.0,2002-01-16 19:04:20
735,7,3219,2.0,2002-01-16 19:26:58
736,7,3235,3.0,2002-01-16 18:27:55
737,7,3244,3.0,2002-01-16 19:06:40
738,7,3334,3.0,2002-01-16 18:59:30
739,7,3341,4.0,2002-01-16 18:29:03
740,7,3354,3.0,2002-01-16 18:53:02
741,7,3363,4.0,2002-01-16 18:43:15
742,7,3408,4.0,2002-01-16 19:24:56
743,7,3417,5.0,2002-01-16 18:44:58
744,7,3448,4.0,2002-01-16 18:34:52
745,7,3469,4.0,2002-01-16 18:10:20
746,7,3479,5.0,2002-01-16 19:05:16
747,7,3501,3.0,2002-01-16 19:11:58
748,7,3510,4.0,2002-01-16 19:26:01
749,7,3512,4.0,2002-01-16 19:28:04
750,7,3524,4.0,2002-01-16 19:12:24
751,7,3526,3.0,2002-01-16 18:41:38
752,7,3527,3.0,2002-01-16 18:47:44
753,7,3528,2.0,2002-01-16 19:12:46
754,7,3578,5.0,2002-01-16 19:26:01
755,7,3593,2.0,2002-01-16 18:55:58
756,7,3671,4.0,2002-01-16 18:40:56
757,7,3684,3.0,2002-01-16 19:08:54
758,7,3699,4.0,2002-01-16 18:39:35
759,7,3701,3.0,2002-01-16 18:50:52
760,7,3717,2.0,2002-01-16 19:26:01
761,7,3753,4.0,2002-01-16 19:28:04
762,7,3754,2.0,2002-01-16 19:22:51
763,7,3793,4.0,2002-01-16 18:46:19
764,7,3798,2.0,2002-01-16 19:29:08
765,7,3824,2.0,2002-01-16 19:22:51
766,7,3826,4.0,2002-01-16 18:53:58
767,7,3827,3.0,2002-01-16 18:49:37
768,7,3844,3.0,2002-01-16 18:33:42
769,7,3864,3.0,2002-01-16 18:51:19
770,7,3911,4.0,2002-01-16 18:27:55
771,7,3926,3.0,2002-01-16 18:54:30
772,7,3932,4.0,2002-01-16 18:45:32
773,7,3959,4.0,2002-01-16 18:49:11
774,7,3977,4.0,2002-01-16 19:23:56
775,7,3978,3.0,2002-01-16 19:04:20
776,7,3987,4.0,2002-01-16 19:11:58
777,7,3988,4.0,2002-01-16 18:18:31
778,7,3994,3.0,2002-01-16 18:47:44
779,7,4018,3.0,2002-01-16 19:10:20
780,7,4019,4.0,2002-01-16 18:40:17
781,7,4023,3.0,2002-01-16 19:06:05
782,7,4041,4.0,2002-01-16 19:02:29
783,7,4062,3.0,2002-01-16 19:09:47
784,7,4155,3.0,2002-01-16 19:11:58
785,7,4186,4.0,2002-01-16 19:02:29
786,7,4270,3.0,2002-01-16 18:24:12
787,7,4306,5.0,2002-01-16 18:17:06
788,7,4308,4.0,2002-01-16 18:17:06
789,7,4310,3.0,2002-01-16 18:17:49
790,7,4317,3.0,2002-01-16 19:17:55
791,7,4339,4.0,2002-01-16 18:21:26
792,7,4349,3.0,2002-01-16 18:27:31
793,7,4361,3.0,2002-01-16 19:02:29
794,7,4368,3.0,2002-01-16 18:17:49
795,7,4370,2.0,2002-01-16 18:47:44
796,7,4464,2.0,2002-01-16 19:05:16
797,7,4503,3.0,2002-01-16 19:14:23
798,7,4545,4.0,2002-01-16 18:34:52
799,7,4603,2.0,2002-01-16 18:41:57
800,7,4626,4.0,2002-01-16 18:53:25
801,7,4638,4.0,2002-01-16 18:17:49
802,7,4639,2.0,2002-01-16 18:18:09
803,7,4643,4.0,2002-01-16 18:49:37
804,7,4661,2.0,2002-01-16 18:22:13
805,7,4700,3.0,2002-01-16 18:25:21
806,7,4736,3.0,2002-01-16 18:18:51
807,7,4799,5.0,2002-01-16 18:22:13
808,7,4848,1.0,2002-01-16 18:12:27
809,7,4867,4.0,2002-01-16 18:13:23
810,7,4874,4.0,2002-01-16 18:13:53
811,7,4896,3.0,2002-01-16 18:12:27
812,7,4963,5.0,2002-01-16 18:12:53
813,7,4993,4.0,2002-01-16 18:12:27
814,7,4994,4.0,2002-01-16 18:13:53
815,7,4995,3.0,2002-01-16 18:14:39
816,7,5009,3.0,2002-01-16 18:14:59
817,8,1,4.0,1996-06-05 13:37:51
818,8,3,5.0,1996-06-05 13:35:33
819,8,6,3.0,1996-06-05 13:50:31
820,8,10,4.0,1996-06-05 13:37:14
821,8,19,1.0,1996-06-05 13:38:38
822,8,21,4.0,1996-06-05 13:35:10
823,8,39,3.0,1996-06-05 13:39:23
824,8,47,5.0,1996-06-05 13:38:16
825,8,48,4.0,1996-06-05 13:43:17
826,8,110,5.0,1996-06-05 13:37:50
827,8,150,4.0,1996-06-05 11:11:21
828,8,153,3.0,1996-06-05 11:12:55
829,8,161,4.0,1996-06-05 13:36:44
830,8,165,3.0,1996-06-05 11:12:55
831,8,168,3.0,1996-06-05 13:42:58
832,8,172,1.0,1996-06-05 13:42:58
833,8,173,3.0,1996-06-05 13:39:53
834,8,185,2.0,1996-06-12 13:41:01
835,8,207,4.0,1996-06-05 13:52:45
836,8,208,3.0,1996-06-05 13:37:14
837,8,231,3.0,1996-06-18 08:45:32
838,8,236,4.0,1996-06-05 13:40:13
839,8,253,4.0,1996-06-05 13:37:14
840,8,266,5.0,1996-06-05 13:39:23
841,8,276,3.0,1996-06-05 13:44:04
842,8,277,4.0,1996-06-05 13:44:05
843,8,288,5.0,1996-06-05 13:37:50
844,8,292,4.0,1996-06-05 13:37:14
845,8,296,5.0,1996-06-05 11:11:21
846,8,316,2.0,1996-06-05 11:13:55
847,8,329,3.0,1996-06-05 11:13:55
848,8,338,2.0,1996-06-12 13:41:40
849,8,339,4.0,1996-06-05 13:37:14
850,8,344,3.0,1996-06-05 11:12:55
851,8,349,5.0,1996-06-05 11:12:55
852,8,350,4.0,1996-06-05 13:44:04
853,8,353,3.0,1996-06-05 13:51:23
854,8,355,2.0,1996-06-05 13:53:28
855,8,356,5.0,1996-06-05 13:44:19
856,8,357,4.0,1996-06-05 13:53:10
857,8,364,4.0,1996-06-05 13:40:13
858,8,367,3.0,1996-06-05 13:42:13
859,8,372,4.0,1996-06-12 13:44:49
860,8,377,4.0,1996-06-05 13:51:55
861,8,380,4.0,1996-06-05 11:11:21
862,8,381,4.0,1996-06-05 13:51:08
863,8,434,5.0,1996-06-05 13:36:44
864,8,442,4.0,1996-06-05 13:44:19
865,8,454,4.0,1996-06-18 08:46:43
866,8,457,5.0,1996-06-05 13:38:16
867,8,480,4.0,1996-06-05 13:50:48
868,8,500,4.0,1996-06-05 13:53:10
869,8,508,3.0,1996-06-05 13:55:57
870,8,527,5.0,1996-06-05 11:14:58
871,8,539,4.0,1996-06-05 13:54:20
872,8,550,4.0,1996-06-12 13:44:34
873,8,551,4.0,1996-06-05 13:51:08
874,8,552,3.0,1996-06-05 13:54:19
875,8,553,5.0,1996-06-05 13:40:13
876,8,587,4.0,1996-06-05 13:54:49
877,8,588,3.0,1996-06-05 11:12:55
878,8,589,5.0,1996-06-05 13:51:08
879,8,590,5.0,1996-06-05 11:11:21
880,8,592,4.0,1996-06-05 11:11:21
881,8,593,5.0,1996-06-05 13:38:16
882,8,595,3.0,1996-06-18 08:45:32
883,8,597,5.0,1996-06-05 13:54:49
884,8,610,4.0,1996-06-05 13:35:10
885,8,648,5.0,1996-06-12 13:41:55
886,8,733,4.0,1996-06-12 13:36:30
887,9,356,4.0,2001-07-01 20:26:38
888,9,858,5.0,2001-07-01 20:26:17
889,9,1219,3.0,2001-07-01 20:26:17
890,9,1911,3.0,2001-07-01 20:50:44
891,9,1923,4.0,2001-07-01 20:40:10
892,9,1997,5.0,2001-07-01 20:43:51
893,9,2279,3.0,2001-07-01 20:27:20
894,9,2605,2.0,2001-07-01 20:51:20
895,9,2683,3.0,2001-07-01 20:48:10
896,9,2688,3.0,2001-07-01 20:53:54
897,9,2706,4.0,2001-07-01 20:48:10
898,9,2710,3.0,2001-07-01 20:48:36
899,9,2719,2.0,2001-07-01 20:53:54
900,9,2722,2.0,2001-07-01 20:50:44
901,9,2840,3.0,2001-07-01 20:45:05
902,9,2841,4.0,2001-07-01 20:44:24
903,9,2959,5.0,2001-07-01 20:51:20
904,9,3016,2.0,2001-07-01 20:50:44
905,9,3785,2.0,2001-07-01 20:25:33
906,9,3798,5.0,2001-07-01 20:46:19
907,9,3857,3.0,2001-07-01 20:48:37
908,9,3908,2.0,2001-07-01 20:41:18
909,9,3979,3.0,2001-07-01 20:31:16
910,9,3994,3.0,2001-07-01 20:30:32
911,9,3999,2.0,2001-07-01 20:30:51
912,9,4022,4.0,2001-07-01 20:28:40
913,9,4030,2.0,2001-07-01 20:31:16
914,9,4034,1.0,2001-07-01 20:28:40
915,9,4148,5.0,2001-07-01 20:43:00
916,9,4369,4.0,2001-07-01 20:34:16
917,9,4483,2.0,2001-07-01 20:38:01
918,9,4502,1.0,2001-07-01 20:37:28
919,9,4509,3.0,2001-07-01 20:37:00
920,9,4519,2.0,2001-07-01 20:36:40
921,9,4533,3.0,2001-07-01 20:36:15
922,10,1,4.0,1999-11-25 02:44:47
923,10,11,4.0,1999-11-25 02:41:00
924,10,25,4.0,1999-11-25 02:41:00
925,10,260,4.0,1999-11-25 02:36:16
926,10,356,3.0,1999-11-25 02:32:02
927,10,527,5.0,1999-11-25 02:32:02
928,10,858,5.0,1999-11-25 02:37:19
929,10,912,4.0,1999-11-25 02:32:02
930,10,969,4.0,1999-11-25 02:40:10
931,10,1094,3.0,1999-11-25 02:34:44
932,10,1136,4.0,1999-11-25 02:46:26
933,10,1196,4.0,1999-11-25 02:33:00
934,10,1198,4.0,1999-11-25 02:36:16
935,10,1204,3.0,1999-11-25 02:32:02
936,10,1208,4.0,1999-11-25 02:33:55
937,10,1210,4.0,1999-11-25 02:40:10
938,10,1221,5.0,1999-11-25 02:38:22
939,10,1222,3.0,1999-11-25 02:33:55
940,10,1230,4.0,1999-11-25 02:39:14
941,10,1240,4.0,1999-11-25 02:38:22
942,10,1242,4.0,1999-11-25 02:33:55
943,10,1247,5.0,1999-11-25 02:39:14
944,10,1250,4.0,1999-11-25 02:33:00
945,10,1304,3.0,1999-11-25 02:46:26
946,10,1387,5.0,1999-11-25 02:36:16
947,10,1721,4.0,1999-11-25 02:40:10
948,10,1960,3.0,1999-11-25 02:33:00
949,10,2028,4.0,1999-11-25 02:33:00
950,10,2058,3.0,1999-11-25 02:36:16
951,10,2194,4.0,1999-11-25 02:38:22
952,10,2384,4.0,1999-11-25 02:43:58
953,10,2529,3.0,1999-11-25 02:36:16
954,10,2657,4.0,1999-11-25 02:45:34
955,10,2797,4.0,1999-11-25 02:45:34
956,10,2944,4.0,1999-11-25 02:38:22
957,10,2948,4.0,1999-11-25 02:38:22
958,10,3062,4.0,1999-11-25 02:37:19
959,10,3107,3.0,1999-11-25 02:36:16
960,11,1,4.5,2009-01-02 01:13:41
961,11,10,2.5,2009-01-02 01:15:59
962,11,19,3.5,2009-01-01 04:21:44
963,11,32,5.0,2009-01-01 04:11:35
964,11,39,4.5,2009-01-02 01:17:12
965,11,65,2.0,2009-01-02 00:37:29
966,11,110,4.0,2009-01-01 23:49:08
967,11,145,3.0,2009-01-01 04:59:07
968,11,150,5.0,2009-01-01 04:49:03
969,11,153,3.5,2009-01-02 01:15:14
970,11,158,4.0,2009-01-01 23:52:53
971,11,160,4.0,2009-01-01 05:27:01
972,11,165,4.0,2009-01-02 01:15:00
973,11,170,5.0,2009-01-01 04:02:14
974,11,172,5.0,2009-01-01 05:30:04
975,11,173,5.0,2009-01-01 05:49:14
976,11,185,4.0,2009-01-02 01:16:55
977,11,208,4.5,2009-01-01 05:31:10
978,11,231,4.0,2009-01-02 01:15:45
979,11,253,4.5,2009-01-02 01:16:36
980,11,256,5.0,2009-01-01 05:49:06
981,11,260,5.0,2009-01-01 05:26:00
982,11,286,0.5,2009-01-01 05:30:31
983,11,296,3.5,2009-01-02 01:13:19
984,11,316,3.5,2009-01-01 05:41:36
985,11,318,5.0,2009-01-01 22:56:11
986,11,344,3.5,2009-01-01 04:21:40
987,11,356,5.0,2009-01-02 01:13:24
988,11,364,4.0,2009-01-02 01:15:19
989,11,367,4.0,2009-01-02 01:15:54
990,11,377,4.0,2009-01-02 01:14:40
991,11,380,5.0,2009-08-25 03:27:37
992,11,384,3.5,2009-01-01 04:59:27
993,11,405,3.5,2009-01-01 05:27:43
994,11,410,4.0,2009-01-01 04:23:06
995,11,441,1.5,2009-01-01 23:52:42
996,11,442,4.5,2009-01-01 05:33:22
997,11,480,5.0,2009-01-01 05:45:13
998,11,500,4.5,2009-01-02 01:15:49
999,11,519,1.0,2009-01-01 05:26:31
